Review,Rating,Date
ok.hang dep,1,28 thg 12 2022
,1,22 thg 1 2022
"ƒê√£ mua r·∫•t nhi·ªÅu l·∫ßn t·ª´ shop n√†y, ƒë·ªÉ ƒë·∫•y kh√¥ng n√≥i g√¨ th√™m",1,18 thg 7 2023
,1,15 thg 11 2023
,1,11 thg 1 2022
H√†ng l√∫c n√†o c≈©ng Ok 5 sao,3,18 thg 3 2022
"T√≠nh nƒÉng ph√°t hi·ªán chuy·ªÉn ƒë·ªông ƒë√°ng tin c·∫≠y, Ch·∫•t l∆∞·ª£ng camera tuy·ªát v·ªùi!, Thi·∫øt k·∫ø b·ªÅn b·ªâ v√† ch·∫Øc ch·∫Øn, Kh·∫£ nƒÉng quan s√°t ban ƒë√™m tuy·ªát v·ªùi,  ",3,14 thg 5 2024
cam x√†i ok,3,12 thg 8 2022
"s·∫£n ph·∫©m nguy√™n seal, h√†ng ch√≠nh h√£ng n√™n t√¢m. ƒë√≥ng g√≥i c·∫©n th·∫≠n, nhi·ªát t√¨nh, s·∫Ω ·ªßng h·ªô shop    jd",4,21 thg 9 2021
,4,06 thg 12 2021
ƒë√∫ng m·∫´u ƒë·∫πp n√©t mjh ƒë√£ mua r·∫•t nhi·ªÅu,4,09 thg 6 2023
Camera l√™n h√¨nh chu·∫©n ƒë·∫πp.ƒë√†m tho·∫°i ƒë∆∞·ª£c 2 chi·ªÅu n√™n r·∫•t ∆∞ng √Ω.khi c·∫ßn h·ªó tr·ª£ th√¨ shop c≈©ng h·ªó tr·ª£ th·∫Øc m·∫Øc nhanh l·∫π.n√≥i chung l√† h√†i l√≤ng ,4,31 thg 7 2022
,4,05 thg 10 2022
"H√†ng shop b√°n l√∫c n√†o c≈©ng ok
ƒê√£ ƒë·∫∑t r·∫•t nhi·ªÅu r·ªìi 
R·∫•t h√†i l√≤ng
5 sao",4,25 thg 3 2022
"S·∫£n ph·∫©m t·ªët , h√¨nh ·∫£nh ƒë·∫πp, giao h√†ng nhanh , c√≥ c∆° h·ªôi s·∫Ω quay l·∫°i ·ªßng h·ªô shop nhi·ªát t√¨nh OK ,..",4,26 thg 9 2022
,4,20 thg 3 2022
"Cam r·∫•t r√µ, d·ªÖ s·ª≠ d·ª•ng",4,30 thg 12 2021
,4,28 thg 11 2021
,4,06 thg 12 2022
,4,28 thg 4 2022
,5,12 thg 11 2022
,5,12 thg 9 2022
"cam ƒë·∫πp chu·∫©n,  r·∫•t h√†i l√≤ng ",5,21 thg 9 2022
,5,06 thg 12 2022
"D·ªÖ d√†ng thi·∫øt l·∫≠p v√† s·ª≠ d·ª•ng,  ",5,15 thg 9 2024
,5,29 thg 4 2022
,5,23 thg 12 2022
,5,29 thg 8 2022
"h√†ng ch√≠nh h√£ng, shop ƒë√≥ng g√≥i ch·∫Øc ch·∫Øn, giao h√†ng nhanh.",5,11 thg 3 2023
"Giao h√†ng c·ªßng b√¨nh th∆∞·ªùng.camera c·ªßng kh√° OK,c·∫£m ∆°n shop nh√©.",5,26 thg 5 2022
"Ch·∫•t l∆∞·ª£ng camera tuy·ªát v·ªùi!, Thi·∫øt k·∫ø b·ªÅn b·ªâ v√† ch·∫Øc ch·∫Øn, Nhi·ªÅu l·ª±a ch·ªçn l∆∞u tr·ªØ, ƒê·ªô ph√¢n gi·∫£i video cao,  ",5,14 thg 5 2024
ch∆∞a s·ª≠ d·ª•ng ,5,30 thg 9 2024
,5,27 thg 8 2024
"cho mik h·ªèi shop mong shop cho xin sƒët ƒë·ªÉ ti·ªán h·ªó tr·ª£
camera mik l·∫Øp v√† r·∫•t ·ªïn nh∆∞ng th·∫ª nh·ªõ ƒë√£ l·∫Øp v√†o nh∆∞ng camera kh√¥ng nh·∫≠n mong shop tr·∫£ l·ªùi v√† ƒë·ªïi l·∫°i",5,28 thg 1 2022
,5,16 thg 1 2022
,5,13 thg 6 2022
"sp ok , c√†i ƒë·∫∑t d·ªÖ , t·ªët , cho shop 5*",5,17 thg 4 2023
,5,04 thg 11 2021
,5,22 thg 10 2023
"Cam n√©t, d·ªÖ l·∫Øp ƒë·∫∑t, c√†i ƒë·∫∑t, d√πng ·ªïn ƒë·ªãnh, nhi·ªÅu t√≠nh nƒÉng. Lo·∫°i n√†y ko xem l·∫°i tua nhanh ƒë∆∞·ª£c tr·ª±c ti·∫øp khi d√πng kh√°c m·∫°ng",5,21 thg 1 2022
,5,2 ng√†y tr∆∞·ªõc
"ƒê√£ mua d√πng r·ªìi b√¢y gi·ªù mua th√™m 2 c√°i n·ªØa .ƒë√°nh gi√° x√†i t·ªët , ·ªßng h·ªô shop giao hang r·∫•t nhanh ch√≥ng !!",5,27 thg 7 2022
h√†ng nh√¨n ƒë·∫πp gi·ªìna m·∫´u m√£ qc. m√† th·∫•y v·ªè m√†u h∆°i m·ªù. k bi·∫øt ch·∫•t l∆∞·ª£ng ntn. ƒë·ªÉ test sau. d√π sao c≈©ng cho 5s,5,10 thg 5 2022
"S·∫£n ph·∫©m ok, ch·∫°y ·ªïn, h√¨nh n√©t.·ª©ng d·ª•ng ch·∫°y tr√™n ƒëthoai m∆∞·ª£t. ƒê√≥ng g√≥i c·∫©n th·∫≠n v√† giao h√†ng nhanh, s·∫Ω ·ªßng h·ªô shop n·ªØa ·∫°.",5,19 thg 8 2021
,5,06 thg 12 2022
,5,26 thg 7 2022
,5,09 thg 11 2021
S·∫£n ph·∫©m S√†i OK nha m·ªçi ng∆∞·ªùi ,5,10 thg 6 2022
,5,22 thg 6 2022
sp t·ªët. h√¨nh ƒë·∫πp,5,07 thg 9 2021
,5,11 thg 7 2022
,5,15 thg 11 2022
ok,5,19 thg 4 2022
,5,08 thg 5 2023
h√†ng chu·∫©n gi√° ok m∆°i lƒÉp th·∫•y r√µ . c·∫£m ∆°n shop cho 5 sao,5,05 thg 6 2023
"cam d√πng ok,h∆°i t·ªëi x√≠u,t·ªët hay ko c√≤n ph·∫£i d√πng m·ªõi bi·∫øt dc .cho shop 5 sao",5,13 thg 5 2022
m√¨nh mua camera+ƒë·∫ø+th·∫ª64gp m√† sao shop giao kh√¥ng c√≥ th·∫ª nh·ªõ,5,18 thg 4 2023
s·∫£n ph·∫©m ch·∫•t l∆∞·ª£ng,5,13 thg 4 2022
H√†ng chu·∫©n m·ªõi ƒë√£ l·∫Øp song s·∫Ω ·ªßng h·ªô ti·∫øp shop nh√© ,5,06 thg 10 2021
,5,14 thg 5 2024
,5,09 thg 3 2023
,5,05 thg 7 2022
ok,5,28 thg 3 2022
,5,27 thg 7 2022
m√¨nh mua c√°i n√†y c√°i th·ª© 3 r·ªìi.r·∫•t t·ªët,5,17 thg 10 2021
oki,5,30 thg 3 2022
,5,07 thg 3 2022
,5,05 thg 7 2024
"H√†ng ok giao h√†ng nhanh n√® üòç
Amazing good ch√≥p",5,28 thg 9 2021
,5,12 thg 10 2022
"K·∫øt n·ªëi WiFi ti·ªán l·ª£i, Ch·ª©c nƒÉng xoay v√† nghi√™ng m∆∞·ª£t m√†, D·ªÖ d√†ng c√†i ƒë·∫∑t v√† s·ª≠ d·ª•ng,  ",5,09 thg 8 2024
,5,25 thg 12 2021
t·ªët,5,29 thg 3 2022
Sp t·ªët,5,18 thg 9 2022
,5,28 thg 4 2022
,5,22 thg 1 2022
,5,16 thg 8 2024
,5,22 thg 9 2024
,5,06 thg 1 2023
ok,5,08 thg 9 2022
"ch·∫•t l∆∞·ª£ng t·ªët, d·ªÖ c√†i ƒë·∫∑t v√† s·ª≠ d·ª•ng",5,17 thg 10 2021
shop giao ƒë·∫ßy ƒë·ªß s·∫£n ph·∫©m ƒë√£ ƒë·∫∑t ok,5,20 thg 4 2023
,5,06 thg 9 2022
Camera ok l·∫Øm,5,11 thg 3 2022
,5,26 thg 7 2022
,5,30 thg 11 2021
camera s√†i r√µ n√©t . gi√° c·∫£ r·∫ª h∆°n ch·ªó kh√°c.  s·ª± l√¢u b·ªÅn th√¨ ph·∫£i ƒë·ª£i tg,5,02 thg 2 2023
,5,02 thg 8 2022
"M√°y r·∫•t r√µ v√† nghe ti·∫øng c≈©ng t·ªët ,c·∫£m ∆°n shop ƒë√£ b√°n Sp ch·∫•t l∆∞·ª£ng s·∫Ω ·ªßng h·ªô ti·∫øp ",5,20 thg 12 2021
,5,02 thg 8 2022
OK s·∫£n ph·∫©m ch·∫•t l∆∞·ª£ng shop uy t√≠n m·ªçi ng∆∞·ªùi n√™n mua ·ªßng h·ªô cho shop,5,31 thg 3 2023
,5,21 thg 9 2022
,5,20 thg 9 2021
,5,31 thg 8 2024
giao h√†ng nhanh mua nh√¨u l·∫ßn l·∫Øm th·∫•y s√†i r·∫•t oke,5,19 thg 3 2022
,5,10 thg 5 2022
S·∫£n ph·∫©m nh∆∞ m√¥ t·∫£,5,10 thg 8 2022
"giao h√†ng r·∫•t nhanh, ƒë·ªß ph·ª• ki·ªán trong h·ª£p, camera nh√¨n d·ªÉ th∆∞∆°ng, ch∆∞a s·ª≠ d·ª•ng tr∆∞·ªõc h·∫øt cho 5 sao.",5,18 thg 12 2022
cho shop 5sao,5,02 thg 1 2022
,5,03 thg 1 2023
s·∫£n ph·∫©m ok... s·∫Ω ·ªßng h·ªô ti·∫øp... hshdhdhdhxhxxhdhdhdhdhdhdhdhdhdhdhdhdhdhddhdhdhdhdh,5,28 thg 10 2022
,5,03 thg 3 2023
"Kh·∫£ nƒÉng quan s√°t ban ƒë√™m tuy·ªát v·ªùi, Ch·∫•t l∆∞·ª£ng camera tuy·ªát v·ªùi!, Nhi·ªÅu l·ª±a ch·ªçn l∆∞u tr·ªØ, Thi·∫øt k·∫ø m∆∞·ª£t m√† v√† hi·ªán ƒë·∫°i, D·ªÖ d√†ng c√†i ƒë·∫∑t v√† s·ª≠ d·ª•ng, Nhi·ªÅu l·ª±a ch·ªçn l∆∞u tr·ªØ,  ",5,29 thg 11 2023
"Giao haÃÄng nhanh, shop r√¢ÃÅt t·∫≠n t√¢m , saÃân ph√¢Ãâm xaÃÄi neÃÅt roÃÉ. ",5,22 thg 2 2022
"t·ªët , r·∫•t h√†i l√≤ng",5,28 thg 11 2022
t·ªët ,5,19 thg 11 2022
ok,5,01 thg 10 2022
H√†ng ok thank shop,5,02 thg 8 2022
Chu·∫©n kh√¥ng c·∫ßn ch·ªânh c·∫£m ∆°n shop camera n√©t d·ªÖ c√†i ƒë·∫∑t gi√° c·∫£ h·ª£p l√Ω ch√∫c shop l√†m ƒÉn thu·∫≠n ph√°t t·∫∑ng shop 5sao ,5,30 thg 12 2021
h√†ng d√πng ok nh∆∞ng th·∫ª nh·ªõ b·ªã l·ªó ,5,20 thg 2 2024
,5,06 thg 6 2024
,5,06 thg 12 2022
"D·ªÖ d√†ng c√†i ƒë·∫∑t v√† s·ª≠ d·ª•ng,  ",5,16 thg 5 2024
,5,11 thg 6 2022
Giao h√†ng nhanh g·ªçn h√†ng ch·∫≠t l∆∞·ª£ng. C√≤n l√¢u d√†i hay kg th√¨ th·ªùi gian quy·∫øt ƒë·ªãnh,5,21 thg 9 2022
,5,01 thg 2 2023
,5,12 thg 7 2022
r·∫•t t·ªët ,5,18 thg 8 2021
cammera ƒë·∫πp ch·∫•t l∆∞·ª£ng h√¨nh ·∫£nh t·ªët giao h√†ng nhanh d·ªÖ d√†ng l·∫Øp ƒë·∫∑t v√† s·ª≠ d·ª•ng ,5,17 thg 2 2022
,5,23 thg 2 2022
,5,12 thg 11 2022
,5,08 thg 9 2022
,5,10 thg 1 2022
,5,12 thg 3 2022
"qu√° t·ªët, s·∫£n ph·∫©m m·ªõi ƒë√°ng mua",5,25 thg 11 2022
,5,05 thg 3 2022
"S·∫£n ph·∫©m t·ªët, ch·∫•t l∆∞·ª£ng s·∫Ω ƒë√°nh gi√° sau th·ªùi gian s·ª≠ d·ª•ng ",5,26 thg 5 2024
,5,4 tu·∫ßn tr∆∞·ªõc
"giao h√†ng nhanh ,shop nhi·ªát t√¨nh nh√© ",5,19 thg 10 2021
,5,12 thg 5 2022
"Giao h√†ng nhanh, ƒë√≥ng g√≥i c·∫©n th·∫≠n. M√¨nh m·ªõi test th·ª≠ th√¨ cam m·ªãn, n√©t c√°c ch·∫ø ƒë·ªô xoay m∆∞·ª£t. Ch∆∞a test th·ª≠ ƒë√†m tho·∫°i 2 chi·ªÅu v√† ch·∫ø ƒë·ªô ban ƒë√™m. V·ªõi gi√° sƒÉn sale ng√†y 8/8 th√¨ ch·∫•t l∆∞·ª£ng h∆°n h·∫≥n so v·ªõi gi√° ti·ªÅn. Shop r·∫•t t√≠ch c·ª±c trong vi·ªác h·ªó tr·ª£ kh√°ch h√†ng c√†i ƒë·∫∑t mƒÉck d√π m√¨nh ƒë√£ t·ª± c√†i ƒë∆∞·ª£c r·ªìi. R·∫•t mong shop s·∫Ω lu√¥n nhi·ªát t√¨nh h·ªó tr·ª£ sau b√°n h√†ng n·ªØa th√¨ s·∫Ω r·∫•t tuy·ªát v·ªùi :)))",5,13 thg 8 2021
,5,16 thg 1 2022
,5,23 thg 2 2023
,5,27 thg 3 2022
,5,17 thg 12 2021
Th·∫ª nh·ªõ kh√¥ng s·ª≠ d·ª•ng ƒë∆∞·ª£c ,5,24 thg 11 2021
,5,05 thg 1 2022
giao h√†ng nhanh ƒë√≥ng g√≥i c·∫©n th·∫≠n,5,09 thg 12 2021
t·ªõi gi·ªù v·∫´n ·ªïn,5,07 thg 6 2022
xu·∫•t s·∫Øc,5,17 thg 8 2022
,5,04 thg 7 2024
Mua h√†ng 2 l·∫ßn r·ªìi r·∫•t ∆∞ng v·ªõi sp bha.s·∫Ω ·ªßng h·ªô shop d√†i d√†i ,5,14 thg 9 2022
,5,01 thg 6 2022
,5,10 thg 10 2021
,5,14 thg 7 2022
,5,11 thg 5 2023
0k b∆∞·ªõc ƒë·∫ßu m·ªõi nh·∫≠n th·∫•y c≈©ng r·∫•t OK ,5,23 thg 12 2022
D√πng ƒëc n√™n mua l·∫ßn 2 . OK . C≈©ng r√µ v√† ti·ªán,5,23 thg 11 2021
,5,09 thg 3 2022
,5,28 thg 9 2023
h√†ng ch√≠nh h√£ng,5,05 thg 1 2023
,5,05 thg 7 2022
,5,12 thg 8 2022
,5,04 thg 4 2022
,5,03 thg 1 2023
H√†ng ok. ƒê√≥ng g√≥i c·∫©n th·∫≠n. ƒê√¢y l√† l·∫ßn th·ª© 2 mua h√†ng c·ªßa shop. ·ª¶ng h·ªô ti·∫øp,5,22 thg 7 2023
,5,11 thg 11 2021
,5,08 thg 8 2023
ch·∫•t l∆∞·ª£ng s·∫£n ph·∫©n tuy·ªát v·ªùi. ph√π h·ª£p l·∫Øp ƒë·∫∑t ƒë·ªÉ quan s√°t kh√¥ng gian vƒÉn ph√≤ng ho·∫∑c n∆°i ·ªü c·ªßa b·∫°n,5,23 thg 4 2022
cam ok l·∫Øm  cho 5sao lu√¥n..,5,22 thg 8 2021
,5,24 thg 7 2022
V√πuufuffjfjgkggkhohkghdhflgkfhfjgkhjfhdyjykhjfhdkgpbjfhfohkfjfjgjhkjljlhlgkgk,5,28 thg 11 2021
Ok haÃÄng chu√¢Ãân 5‚ù§‚ù§‚ù§‚ù§‚ù§,5,11 thg 1 2022
ok,5,29 thg 7 2022
ok,5,01 thg 7 2022
,5,22 thg 8 2021
"s·∫£n ph·∫©m ch·∫•t l∆∞·ª£ng ,r√µ n√©t ",5,12 thg 8 2022
,5,17 thg 8 2022
m√°y ƒë·∫πp ƒë√≥ng g√≥i ch·∫Øc ch·∫Øn ph·ª• ki·ªán ƒë·∫ßy ƒë·ªß c·∫£m ∆°n shop,5,23 thg 2 2022
"s·∫£n ph·∫©m t·ªët , c·∫£m ∆°n shop , s·∫Ω ·ªßng h·ªô n·∫øu mua n·ªØa nha",5,11 thg 3 2023
,5,03 thg 4 2023
H√†ng m·ªõi x√†i h√¨nh ·∫£nh t·∫°m ·ªïn nh√© th·ªùi gian h√¥ng bi·∫øt ntn mong l√† b·ªÅn,5,30 thg 3 2023
,5,15 thg 1 2022
,5,4 ng√†y tr∆∞·ªõc
Giao h√†ng b·ªã thi·∫øu th·∫ª nh·ªõ 32GB. ƒê√£ giao ƒë·ªß c·∫£m ∆°n shop.,5,08 thg 4 2023
,5,03 thg 9 2024
,5,12 thg 12 2022
,5,15 thg 3 2023
Shop giao nhanh . H√†ng t·ªët nh∆∞ m√¥ t·∫£ . C√≥ ƒëi·ªÅu ch∆∞a bi·∫øt ch·ªânh l·∫≠t ng∆∞·ª£c cam l·∫°i shop c√≥ th·ªÉ h·ªó tr·ª£ ko ·∫° . ,5,03 thg 6 2022
,5,20 thg 6 2024
OK l·∫Øm ·∫°,5,03 thg 11 2021
ch·∫•t l∆∞·ª£ng ok ,5,15 thg 11 2023
,5,26 thg 12 2021
h√†ng ƒë·∫°t y√™u c·∫ßu trong t·∫ßm gi√°,5,16 thg 11 2021
,5,01 thg 11 2022
t·ªët cam ƒë·∫πp n√©t,5,15 thg 7 2022
ƒêx ,5,21 thg 12 2022
giao h√†ng nhanh ,5,13 thg 1 2022
,5,02 thg 6 2022
,5,28 thg 11 2023
,5,16 thg 9 2022
H√†ng giao nhanh. SP test OK  ,5,31 thg 5 2024
,5,10 thg 9 2022
,5,20 thg 3 2023
,5,25 thg 11 2022
,5,19 thg 8 2022
,5,16 thg 11 2022
,5,25 thg 1 2022
"s·∫£n ph·∫©m ƒë·∫ßy ƒë·ªß tem, c√≥ ti·∫øng Vi·ªát, d·ªÖ c√†i ƒë·∫∑t, m√¨nh ƒë√£ d√πng m·ªôt th·ªùi gian, nh√¨n chung ·ªïn. ",5,08 thg 9 2024
"h√†ng ƒë·∫πp, s·ª≠ d·ª•ng t·ªët",5,30 thg 5 2022
s·∫£n ph·∫©m ch·∫•t l∆∞·ª£ng.ƒë√≥ng g√≥i c·∫©n th·∫≠n. s·∫Ω gi·ªõi thi·ªáu b·∫°n b√®. ·ªßng h·ªô shop.,5,27 thg 8 2022
,5,26 thg 8 2023
"ok h√†ng ƒë√∫ng nh∆∞ qu·∫£ng c√°o nh√¨n r√µ ban ƒë√™m t·ªët v√† c·∫£nh b√°o h√†nh ƒë·ªông t·ªët , b√¢y gi·ªù ch·ªâ c√≤n ƒë·ª£i xem ƒë·ªô b·ªÅn n·ª≠a l√† ok.",5,10 thg 10 2022
Ko l∆∞u b·∫±ng th·∫ª nh·ªõ ƒë∆∞·ª£c!,5,04 thg 2 2022
,5,04 thg 1 2023
,5,06 thg 12 2022
ok ,5,19 thg 5 2024
"H√†ng chu·∫©n
S·ª≠ d·ª•ng tuy·ªát v·ªùi",5,30 thg 12 2022
,5,23 thg 4 2023
,5,15 thg 11 2022
good ,5,09 thg 5 2022
,5,21 thg 11 2021
,5,25 thg 9 2021
"s·∫£n ph·∫©m ch·∫•t l∆∞·ª£ng,  r·∫•t d·ªÖ s·ª≠ d·ª•ng, r·∫•t ƒë√°ng mua",5,22 thg 1 2022
OK  ,5,05 thg 9 2024
,5,10 gi·ªù tr∆∞·ªõc
OK ,5,06 thg 9 2024
,5,07 thg 11 2022
"D·ªÖ d√†ng c√†i ƒë·∫∑t v√† s·ª≠ d·ª•ng, T√≠nh nƒÉng ph√°t hi·ªán chuy·ªÉn ƒë·ªông ƒë√°ng tin c·∫≠y,  ",5,21 thg 7 2024
,5,22 thg 11 2022
Khe c·∫Øm th·∫ª nh·ªõ owr ƒë√¢u v·∫≠y,5,08 thg 6 2022
Cam ƒë·∫πp v√† n√©t gi√° l·∫°i m·ªÅm ,5,12 thg 11 2022
ok ,5,26 thg 2 2024
,5,13 thg 7 2022
,5,20 thg 11 2023
"T∆∞ v·∫•n nhi·ªát t√¨nh giao h√†ng nhanh 
Shop ƒê√≥ng g√≥i k·ªπ",5,25 thg 9 2021
,5,11 thg 7 2022
,5,02 thg 10 2022
,5,05 thg 3 2023
ƒê√£ mua l·∫ßn th·ª© 2,5,06 thg 3 2022
tot,5,05 thg 5 2023
h√¨nh r√µ n√©t c√≤n ƒë·ªô b·ªÅn ch∆∞a bi·∫øt n√≥i chung r·∫•t h√†i l√≤ng s·∫£n ph·∫©m ,5,11 thg 2 2023
,5,04 thg 5 2022
,5,23 thg 1 2023
"Gi√° C·∫£.ok . r·∫ª h∆°n nhi·ªÅu ch·ªó ban khac 
 K·∫øt n·ªëi:ok
 ƒê·ªô ph√¢n gi·∫£i:ok ",5,19 thg 9 2023
"giao h√†ng ƒë√∫ng h·∫πn, s·∫£n ph·∫©m ƒë√≥ng g√≥i k·ª∑ v√† ƒë√∫ng m·∫´u m√£, d·ªÉ ƒë√†ng c√†i ƒë·∫∑t , h√¨nh ·∫£nh r√µ n√©t ch·∫•t l∆∞·ª£ng, t·∫∑ng shop 5 sao",5,15 thg 7 2022
Ok,5,21 thg 1 2022
,5,15 thg 3 2024
,5,21 thg 9 2021
s·∫£n ph·∫©m t·ªët. ƒë√≥ng g√≥i c·∫©n th·∫≠n. hjnhf ·∫£nh s·∫Øc n√©t r√µ r√†ng. s·∫Ω g∆∞·ªõi thi·ªáu chonbanj b√® khi c√≥ nhu c·∫ßu. Khu m√¨nh ƒëang nhi·ªÅu ng∆∞·ªùi c√≥ nhu c·∫ßu l·∫Øp cam,5,25 thg 4 2022
"ƒë√≥ng g√≥i c·∫©n th·∫≠n, h√†ng d√πng th·∫•y r·∫•t ·ªïn. ƒë√°nh gi√° 5 sao. n·∫øu mua s·∫Ω ti·∫øp t·ª•c ·ªßng h·ªô shop. gi√° c·∫£ h·ª£p l√Ω.",5,30 thg 5 2022
,5,03 thg 11 2023
,5,09 thg 10 2022
Giao h√†ng nhanh.,5,02 thg 10 2021
ok,5,20 thg 3 2022
"cam x√†i t·ªët , r√µ n√©t. n√™n mua nha m·ªçi ng∆∞·ªùi",5,16 thg 7 2022
ƒë√°ng ƒë·ªÉ mua,5,26 thg 12 2022
,5,05 thg 2 2023
"gi√° t·ªët, ok ƒë√°ng mua",5,21 thg 12 2021
,5,29 thg 12 2022
,5,08 thg 5 2024
,5,17 thg 5 2022
,5,28 thg 10 2021
s·∫£n ph·∫©m giao nguy√™n seal ƒë√≥ng g√≥i t·ªët s·ª≠ d·ª•ng ok,5,01 thg 9 2022
camera tot hinh anh go net giao hang nhanh dong goi ky ok,5,28 thg 4 2022
,5,21 thg 9 2023
h√†ng t·ªët... xem tr√™n ƒëi·ªán tho·∫°i r√µ n√©t..d·ªÖ ƒëi·ªÅu khi·ªÉn ,5,27 thg 10 2021
"K·∫øt n·ªëi WiFi ti·ªán l·ª£i,  ",5,4 tu·∫ßn tr∆∞·ªõc
,5,29 thg 10 2021
S·∫£n ph·∫©m nh∆∞ h√¨nh,5,25 thg 11 2021
S·∫£n ph·∫©m ƒë√∫ng nh∆∞ Qu·∫£ng c√°o,5,16 thg 2 2023
,5,31 thg 10 2022
"hang ok 
dong goi dep can than 
giao ƒë·ªß
giao dung hen
cho sop 5 sao",5,24 thg 11 2021
th√°y c·ªßng ok nh∆∞ng coa ƒëi·ªÅu la c√°i mic 2 chi·ªÅu n√≥i chuy·ªán ko nghe ƒëc gi h·∫øt n√≥ c·ª© √® √® mi√©t lam sao ma nghr h·∫£ h·∫£ h·∫£ hat hat h·∫£ hat,5,29 thg 10 2022
,5,15 thg 11 2022
,5,22 thg 3 2023
oki,5,15 thg 4 2022
"S·∫£n ph·∫©m ok, ch·∫•t l∆∞·ª£ng nh∆∞ mong ƒë·ª£i giao 
nhanh
h√†ng kh√° , s·∫Ω ·ªßng h·ªô shop l·∫ßn n·ªØa, c·∫£m ∆°n shop r√¢t nhi·ªÅu. ƒë√≥ng g√≥i r·∫•t c·∫©n th·∫≠n,",5,02 thg 3 2022
,5,24 thg 10 2021
,5,3 tu·∫ßn tr∆∞·ªõc
,5,2 tu·∫ßn tr∆∞·ªõc
,5,06 thg 12 2022
"Hang tot n√™n mua ·ªßng h·ªô shop, h√†ng ch·∫•t l∆∞·ª£ng m·ªçi ng∆∞·ªùi nh√©. S·∫Ω quay l·∫°i ·ªßng h·ªô shop l·∫ßn sau . Thank shipper",5,28 thg 10 2022
"shop nhiet tinh, d√≥ng g√≥i c·∫©n th·∫≠n, h√†ng chu·∫©n, nguy√™n seal, d·ªÖ l·∫Øp ƒë·∫∑t, s·ª≠ d·ª•ng ti·ªán nsjdnbd",5,08 thg 4 2022
,5,07 thg 3 2022
Cam ·ªïn. M√†u chu·∫©n nh√© m·ªçi ng∆∞·ªùi. Shop b√°n m·ªÅm h∆°n v√†i ch·ªï. G√∫t ch√≥p,5,24 thg 12 2021
,5,12 thg 8 2022
,5,4 tu·∫ßn tr∆∞·ªõc
,5,14 thg 11 2023
,5,23 thg 8 2024
,5,10 thg 7 2022
,5,01 thg 4 2022
,5,31 thg 10 2022
,5,26 thg 9 2022
ch∆∞a s·ª≠ d·ª•ng p ,5,29 thg 9 2024
,5,02 thg 10 2022
,5,17 thg 1 2022
,5,16 thg 12 2023
,5,29 thg 1 2022
,5,30 thg 9 2021
,5,27 thg 10 2021
SHOP KINH DOANH R·∫§T UY T√çN...M√åNH S·∫º ·ª¶NG H·ªò TI·∫æP.GIAO H√ÄNG SI√äU NHANH.M√åNH ·ªû B·∫¢O L·ªòC M√Ä T·ªöI NG√ÄY TH·ª® HAI ƒê√É C√ì H√ÄNG.ƒê√ìNG G√ìI K·ª∏....H√ÄNG NGUY√äN ƒêAI NGUY√äN KI·ªÜN,5,26 thg 11 2022
,5,14 thg 2 2022
,5,30 thg 8 2022
"H√†ng giao ƒë·∫ßy ƒë·ªß ph·ª• ki·ªán, ƒë√∫ng m√¥ t·∫£, ƒë√≥ng g√≥i c·∫©n th·∫≠n. S·∫Ω ·ªßng h·ªô l·∫ßn sau.",5,28 thg 3 2023
,5,06 thg 4 2023
SP t·ªët nh√© mn,5,30 thg 12 2022
,5,01 thg 10 2021
D·∫° ch·ªã mua camera th√¥i th√¨ 650k c nha,5,18 thg 9 2022
ok ,5,25 thg 8 2024
,5,05 thg 4 2022
"b·∫Øt wifi k dk xa, nh√¨n ƒë√™m t·ªët ",5,05 thg 9 2022
,5,12 thg 6 2022
R·∫•t h√†i l√≤ng,5,12 thg 11 2021
,5,06 thg 10 2022
,5,07 thg 12 2021
,5,06 thg 12 2022
,5,04 thg 1 2022
shop b√°n h√†ng r·∫•t t·ªët l√†m ƒÉn r·∫•t uy t√≠n ƒë√≥ng gi√≥p b·ªã thi·∫øu ph·ª• ki·ªán l√† shop li√™n h·ªá v√† chuy·ªÉn kho·∫£n l·∫°i cho m√¨nh . M√¨nh r·∫•t l√† th√≠ch khi mua h√†ng ·ªü shop . M√¨nh c·∫£m th·∫•y r·∫•t l√† an t√¢m khi mua h√†ng.Chuc shop l√†m ƒÉn ph√°t ƒë·∫°t ,5,14 thg 4 2022
rat t√¥t,5,27 thg 4 2023
"Shop uy t√≠n, giao h√†ng nhanh!  H√†ng ch·∫•t l∆∞·ª£ng, ƒë√£ mua shop nhi·ªÅu l·∫ßn. Ok c·∫£m ∆°n shop tr·∫£ l·ªùi nhanh",5,19 thg 6 2022
l·∫ßn ƒë·∫ßu mua 1 c√°i th·∫•y tuy·ªát v·ªùi.l·∫ßn 2 mua 3 c√°i v·∫´n tuy·ªát v·ªùi.l·∫ßn 3 mua th√™m 2 c√°i hi v·ªçng l√† tuy·ªát v·ªùi h∆°n n·ªØa,5,27 thg 11 2022
R·∫•t h√†i l√≤ng. Do d·ª± nhi·ªÅu quy·∫øt ƒë·ªãnh mua v√¨ m·ªçi ng ƒë√°nh gi√° t·ªët. Ch·∫•t l∆∞·ª£ng h√¨nh ·∫£nh r√µ n√©t. √Çm thanh ·ªïn. Ch·∫Øc ph·∫£i mua th√™m c√°i. C·∫£m ∆°n shop.,5,20 thg 4 2023
"s·∫£n ph·∫©m t·ªët, ch√≠nh h√£ng m·ªçi ng∆∞·ªùi n√™n mua.sjdjjdjdjdjjxjxjxjjxjxjxjdjdjdjdjdjdjxjjxjxjxjjx",5,22 thg 8 2022
,5,03 thg 4 2022
h√†ng ok,5,28 thg 7 2022
,5,13 thg 2 2023
"H√¨nh ·∫£nh ch√¢n th·∫≠t, s·∫Øc n√©t. Ph√π h·ª£p cho gia ƒë√¨nh nh·ªè.",5,06 thg 5 2023
,5,08 thg 9 2022
"Gi√° C·∫£:  ok
 K·∫øt n·ªëi:  ok
 ƒê·ªô ph√¢n gi·∫£i:  ok
H√†ng ok ƒë√£ mua 2 l·∫ßn , c√°m ∆°n shop uy t√≠n 
Ch√∫c shop nƒÉm m·ªõi l√†m ƒÉn ph√°t t√†i ",5,25 thg 2 2024
,5,30 thg 9 2021
,5,15 thg 7 2022
"Shop ƒë√≥ng h√†ng c·∫©n th·∫≠n, ƒë∆°n ship nhanh g·ªçn! H√†ng ch√≠nh h√£ng, ch·∫•t l∆∞·ª£ng ƒë√∫ng gi√°. Hy v·ªçng ·ªßng h·ªô ti·∫øp cho shop. Th·∫ª nh·ªõ ko c√≥ adapter.",5,16 thg 11 2021
,5,06 thg 8 2022
Ok ch·∫•t l∆∞·ª£ng t·ªët t·∫∑ng shop 5 sao,5,06 thg 10 2021
"Camera ƒë·∫πp,h√¨nh ·∫£nh s·∫Øt n√©t,d·ªÖ s·ª≠ d·ª•ng,gi√° th√†nh t·ªët h∆°n shop kh√°c,r·∫•t ƒë√°ng mua",5,30 thg 3 2023
,5,22 thg 12 2023
"ƒê·ªô ph√¢n gi·∫£i:
x·ªãn x√≤ ",5,20 thg 10 2023
t·ªët,5,02 thg 7 2022
H√†ng qu√° t·ªët  MN mua ƒëiiiiiiiiiiiiiiiiiiiiiiiiiiiiiiiiiiiiiiiiiiiiiiiiiiiiiiiiiiiii,5,19 thg 7 2022
,5,12 thg 1 2022
,5,10 thg 6 2022
,5,27 thg 10 2021
,5,10 thg 6 2022
,5,3 tu·∫ßn tr∆∞·ªõc
,5,08 thg 6 2022
,5,04 thg 5 2022
,5,07 thg 5 2022
"giao h√†ng nhanh, ƒë√∫ng m·∫´u ƒë√£ ƒë·∫∑t
 ",5,05 thg 10 2024
,5,16 thg 12 2022
,5,02 thg 5 2024
,5,06 thg 10 2021
,5,16 thg 1 2022
"San pham ok giao hang nhanh,dong goi can rhan,cam on shop se ung ho shop lan sau.cam ∆°n shop r·∫•t nhi·ªÅu",5,28 thg 3 2022
h√†ng ƒë√∫ng nh∆∞ gi·ªõi thi·ªáu OK ,5,03 thg 1 2023
,5,26 thg 5 2022
,5,13 thg 6 2022
"S·∫£n ph·∫©m r·∫•t t·ªët. H√¨nh ·∫£nh r√µ n√©t ................................,................",5,26 thg 6 2022
,5,03 thg 11 2023
s·∫£n ph·∫©m t·ªët nh√© l·∫ßn sau mua ti·∫øp cam ra h√¨nh ·∫£nh t·ªët,5,13 thg 3 2022
"ok, t·ªët",5,01 thg 12 2022
,5,14 thg 10 2021
,5,05 thg 3 2022
,5,15 thg 12 2022
,5,14 thg 10 2021
OK jdjhhhdijmehsbbejnnsjeijsbndklkbbsjndneiendnubbenndnehebebbenenrnrjruijjj,5,29 thg 3 2022
"S·∫£n ph·∫©m t·ªët , m√†u ƒë·∫πp  , gi√° ·ªïn",5,21 thg 4 2023
"H√†ng r·∫•t ok, gi√° t·ªët v√† r·∫•t ƒë·∫ßy ƒë·ªß. S·∫Ω ·ªßng h·ªô d√†i d√†i",5,07 thg 10 2021
ch·∫•t l∆∞·ª£ng tuy·ªát v·ªùi,5,17 thg 11 2022
giao h√†ng nhanh ch√≥ng ƒë·ªß s·ªë l∆∞·ª£ng gi·ªëng m·∫´u.. h√†ng h√¨nh ·∫£nh r√µ n√©t nha ..,5,16 thg 5 2022
,5,31 thg 7 2022
,5,18 thg 1 2023
,5,06 thg 12 2022
ch·∫•t l∆∞·ª£ng s·∫£n ph·∫©m tuy·ªát v·ªùi,5,03 thg 3 2023
,5,06 thg 12 2022
T·∫∑ng shop 5 sao üî•,5,26 thg 10 2021
HdJfxigjgxohcoyxoyxkyckgxkgxkgxHdJfxigjgxohcoyxoyxkyckgxkgxkgxHdJfxigjgxohcoyxoyxkyckgxkgxkgx,5,19 thg 8 2022
camera ƒë·∫πp n√©t n√≥i ti·∫øng vi·ªát,5,03 thg 5 2022
"cam r√µ n√©t , gi√° c·∫£ r√™ h∆°n nh·ªØng shop kh√¢c , giao h√†ng nhanh, shop t∆∞ v·∫•n nhi·ªát t√¨nh",5,02 thg 3 2023
ok. duy·ªát,5,02 thg 5 2022
r·∫•t h√†i l√≤ng. h√†ng chu·∫©n . r·∫•t ok. shop uy t√≠n. ·ªßng h·ªô ,5,20 thg 1 2022
,5,16 thg 1 2024
,5,23 thg 5 2022
,5,06 thg 1 2022
t·ªët,5,02 thg 7 2022
,5,11 thg 5 2023
"Camera t·ªët l·∫Øm, shop giao h√†ng nhanb, h√†ng ƒë√∫ng m√¥ t·∫£, n√™n mua c·ªßa shop n√†y, uy t√≠n. Camera ·ªïn ƒë·ªãnh, xem l·∫°i thu·∫≠n ti·ªán.",5,20 thg 6 2022
"M√¨nh nh·∫≠n dc camera c·ªßa shop giao r·ªìi, Shop giao h√†ng nhanh.. 5 sao cho shop nh√©.",5,10 thg 3 2022
,5,01 thg 2 2023
,5,20 thg 12 2023
ok,5,06 thg 9 2022
ok,5,05 thg 11 2022
camera r√µ n√©t.‚Ç´·∫πp v√† gi√° h·ª£p l√Ω,5,24 thg 8 2022
ok ,5,4 tu·∫ßn tr∆∞·ªõc
,5,12 thg 7 2022
,5,07 thg 8 2022
camera n√©t,5,22 thg 1 2022
oki,5,17 thg 3 2022
"ƒê√£ nh·∫≠n h√†ng, ƒë·∫ßy ƒë·ªß theo ƒë∆°n ƒë·∫∑t. Check qua camera th·∫•y ·ªïn.Shop l∆∞u √Ω 1 ch√∫t l√† ƒë√£ ni√™m phong m·∫∑t tr√™n th√πng h√†ng nh∆∞ng c≈©ng c·∫ßn ni√™m phong m·∫∑t d∆∞·ªõi ƒë·ªÉ ƒë·∫£m b·∫£o ƒë∆°n h√†ng h∆°n. ",5,16 thg 10 2021
,5,28 thg 4 2022
"s·∫£n ph·∫©m gi·ªëng nh∆∞ shop m√¥ t·∫£, giao h√†ng nhanh, ƒë√≥ng g√≥i c·∫©n th·∫≠n. l·∫Øp ƒë·∫∑t d·∫Ω d√†ng,h√¨nh ·∫£nh r√µ n√©t ",5,20 thg 6 2024
,5,18 thg 8 2021
,5,25 thg 3 2022
ok qu√° ,5,22 thg 8 2022
,5,06 thg 2 2023
D·ªÖ s·ª≠ d·ª•ng....,5,01 thg 10 2021
,5,23 thg 4 2022
,5,06 thg 12 2022
"cam s·ª≠ d·ª•ng t·ªët,h√¨nh ·∫£nh ƒë·∫πp. chuy·ªÉn ƒë·ªông m∆∞·ª£t. c·∫£m quan t·ªët h∆°n yousee. ƒë·ªô b·ªÅn th√¨ th·ªùi gian s·ª≠ d·ª•ng m·ªõi bi·∫øt.",5,17 thg 3 2022
,5,05 thg 4 2023
"K·∫øt n·ªëi WiFi ti·ªán l·ª£i, ƒê·ªô ph√¢n gi·∫£i video cao,  ",5,19 thg 2 2024
ok,5,05 thg 12 2022
,5,19 thg 5 2022
,5,28 thg 8 2022
"H√†ng ch√≠nh h√£ng , shop g√≥i kƒ© v√† ship nhanh, ƒë·∫∑t c√°i ng√†y h√¥m sau c√≥ li·ªÅn lu√¥n  ",5,16 thg 10 2023
mua v√†i l·∫ßn s·∫£n ph·∫©m r·∫•t ch·∫•t l·ª±ing v√† ƒë√∫ng cam k·∫øt v√† shop phuhc v·ª• ho√†n h·∫£o. nhanh ch√≥ng uy t√≠n. ,5,20 thg 8 2022
"H√†ng ƒë√£ nh·∫≠n ƒë∆∞·ª£c. ƒê√∫ng nh∆∞ h√¨nh ƒëƒÉng, s·∫£n ph·∫©m ƒëang d√πng t·ªët",5,07 thg 9 2021
ƒë√£ nh·∫≠n h√†ng ch·∫•t l∆∞·ª£ng th√¨ shop n√†y m√¨nh r·∫•t th√≠ch ,5,23 thg 6 2022
,5,24 thg 1 2022
,5,25 thg 11 2021
"Cam ch·∫•t l∆∞·ª£ng v∆∞·ª£t mong ƒë·ª£i. gi√° ok, mua v·ªÅ gi√°m s√°t con c√°i trong ph√≤ng khi kh√¥ng c√≥ ng∆∞·ªùi l·ªõn ·ªü nh√† r·∫•t ·ªïn ! ",5,31 thg 10 2021
,5,15 thg 9 2021
mua h√†ng c·ªßa shop l·∫ßn th·ª© hai r·ªìi ch·∫•t l∆∞·ª£ng tuy·ªát v·ªùi c·∫£m ∆°n shop ,5,12 thg 3 2022
,5,25 thg 4 2022
R·∫•t t·ªët  c·∫£m ∆°n shop hduisjjehhdusijebehjjdishejsjudjjsj,5,04 thg 5 2023
,5,26 thg 11 2021
Tuyet voi.,5,09 thg 12 2022
,5,18 thg 1 2022
sao kh√¥ng c√≥ mi·∫øng keo d√°n b·∫£o v·ªá m·∫Øt ? ,5,22 thg 9 2022
,5,06 thg 10 2021
"camera t·ªët,  r√µ n√©t,  s·ª≠ d·ª•ng okkkkkkkkkkkkkkkkkk lu√¥nnnnnnn",5,03 thg 5 2023
"h√†ng ch√≠nh h√£ng , r√µ n√©t , n√™n mua nha m·ªçi ng∆∞·ªùi",5,02 thg 3 2023
c·∫£m ∆°n shop m√¨nh s·∫Ω ·ªßng h·ªô shop ti·∫øp ,5,18 thg 3 2022
Cam ban ng√†y th√¨ h√¨nh ·∫£nh r√µ.. Ban ƒë√™m th√¨ h∆°i m·ªù .Nh∆∞ng n√≥i chung l√† ok hi v·ªçng l√† ko ph·∫£i b·∫£o h√†nh ,5,30 thg 11 2021
ƒê·∫∑t k√®m th·∫ª nh·ªõ 32gb  m√† kh√¥ng th·∫•y giao th·∫ª,5,12 thg 5 2023
,5,11 thg 3 2022
Ok ,5,14 thg 5 2024
giao h√†ng nhanh ƒë√∫ng h√†ng qu·∫£ng c√°o c√≤n ch·∫•t l∆∞·ª£ng m·ªõi c√≥ l·∫Øp ƒë·∫∑t ch∆∞a bi·∫øt ch∆∞a bi·∫øt ch·∫•t l∆∞·ª£ng nh∆∞ th·∫ø n√†o,5,24 thg 4 2022
mua camera lu√¥n th·∫ª nh·ªõ m√† g·∫Øn ko nh·∫≠n th·∫ª nh·ªõ ƒë·ªãnh d·∫°ng ko ƒë∆∞·ª£c   ,5,06 thg 6 2024
,5,01 thg 12 2022
"k·∫øt n·ªëi d·ªÖ d√†ng, gi√°o h√†ng nhanh, ƒë√≥ng g√≥i c·∫©n th·∫≠n ",5,15 thg 11 2023
,5,20 thg 4 2023
ƒë√£ mua nhi·ªÅu t·ª´ shop n√†y! uy t√≠n ch·∫•t l∆∞·ª£ng. r·∫ª....!,5,02 thg 8 2022
Giao h√†ng nhanh h√†ng ok,5,13 thg 4 2022
Ok,5,03 thg 11 2022
Shop uy t√≠n ,5,20 thg 3 2022
,5,18 thg 2 2024
,5,17 thg 12 2021
,5,27 thg 9 2021
H√†ng ·ªïn ,5,29 thg 9 2024
,5,13 thg 6 2022
,5,09 thg 11 2021
,5,21 thg 2 2022
,5,13 thg 5 2022
,5,05 thg 2 2022
"Kh·∫£ nƒÉng quan s√°t ban ƒë√™m tuy·ªát v·ªùi,  ",5,06 thg 1 2024
"giao nhanh nh∆∞ 1 c∆°n gi√≥, d√πng 1 th·ªùi gian s·∫Ω quay l·∫°i ƒë√°nh gi√° ch·∫•t l∆∞·ª£ng ·∫°",5,11 thg 12 2022
,5,27 thg 4 2022
OK c√≥ r·ªìi a nh√©,5,08 thg 10 2021
,5,08 thg 12 2021
,5,10 thg 1 2022
,5,12 thg 12 2022
,5,24 thg 11 2022
,5,02 thg 10 2022
"Ch·∫•t l∆∞·ª£ng m√°y ·∫£nh tuy·ªát v·ªùi!, K·∫øt n·ªëi WiFi ti·ªán l·ª£i,  ",5,28 thg 9 2024
x√†i r·ªìi ch·∫•t l∆∞·ª£ng t·ªët ƒë√≥ng g√≥i kƒ© giao h√†ng nhanh,5,18 thg 7 2023
s·∫£n ph·∫©m ch·∫•t l∆∞·ª£ng t·ªët ƒë√∫ng nh∆∞ m√¨nh mong ƒë·ª£i l·∫ßn sau s·∫Ω ·ªßng h·ªô ti·∫øp,5,27 thg 1 2022
,5,14 thg 12 2022
,5,11 thg 9 2022
,5,13 thg 10 2021
"ok h√†i l√≤ng sp t·ªët r√µ  ,h ch·ªâ xem ƒë·ªô b·ªÅn bao l√¢u th√¥i ",5,19 thg 1 2022
"Kh·∫£ nƒÉng quan s√°t ban ƒë√™m tuy·ªát v·ªùi, D·ªÖ d√†ng c√†i ƒë·∫∑t v√† s·ª≠ d·ª•ng, T√≠nh nƒÉng ph√°t hi·ªán chuy·ªÉn ƒë·ªông ƒë√°ng tin c·∫≠y, Kh·∫£ nƒÉng quan s√°t ban ƒë√™m tuy·ªát v·ªùi, Ch·ª©c nƒÉng xoay v√† nghi√™ng m∆∞·ª£t m√†, D·ªÖ d√†ng c√†i ƒë·∫∑t v√† s·ª≠ d·ª•ng, T√≠nh nƒÉng ph√°t hi·ªán chuy·ªÉn ƒë·ªông ƒë√°ng tin c·∫≠y, ƒê·ªô ph√¢n gi·∫£i video cao, Ch·∫•t l∆∞·ª£ng camera tuy·ªát v·ªùi!, K·∫øt n·ªëi WiFi ti·ªán l·ª£i, Thi·∫øt k·∫ø m∆∞·ª£t m√† v√† hi·ªán ƒë·∫°i,  ",5,18 thg 12 2023
,5,16 thg 1 2024
,5,12 thg 1 2023
"h√†ng ƒë·∫πp,c·∫•u h√¨nh nhanh, c√≥ ti·∫øng vi·ªát, cam to nh∆∞ robot, h√†ng nh·∫≠p kh·∫©u ch√≠nh h√£ng L√™ Ho√†ng ph√¢n ph·ªëi, h√¨nh ·∫£nh ƒë·∫≠m qu√° m·ª©c so v·ªõi b√¨nh th∆∞·ªùng 1 t√≠",5,13 thg 3 2022
,5,13 thg 3 2023
,5,01 thg 11 2022
camera ch√≠nh h√£ng. giao h√†ng nhanh,5,10 thg 1 2023
,5,22 thg 8 2022
giao h√†ng chu·∫©n  . giao h√†ng nhanh uy t√≠n. ch∆∞a c√†i ƒë·∫∑t l√™n ch∆∞a bi·∫øt s·∫£n ph·∫©m t·ªët ko,5,04 thg 5 2023
"shop t∆∞ v·∫•n nhi·ªát t√¨nh, s·∫£n ph·∫©m ƒë√≥ng g√≥i c·∫©n th·∫≠n, cam n√©t, s·ª≠ d·ª•ng ·ª©ng d·ª•ng xem r√µ , s·∫Ω ·ªßng h·ªô shop ·∫°.",5,20 thg 8 2021
t·∫°m t·ªët...,5,06 thg 3 2022
"Ch·∫•t l∆∞·ª£ng camera tuy·ªát v·ªùi!,  ",5,24 thg 11 2023
,5,17 thg 12 2022
ok h√†ng ƒëepj chu·∫©n ezviz th·∫ª nh·ªõ k√®m theo th√¨ kh√¥ng bi·∫øt c√≥ b·ªÅn ko hy v·ªçng l√† ·ªïn ,5,2 tu·∫ßn tr∆∞·ªõc
t·ªët.ch·∫•t l∆∞·ª£ng.m·ªçi ng∆∞·ªùi n√™n mua.,5,06 thg 1 2023
,5,27 thg 9 2021
ƒë√£ nh·∫≠n ƒë∆∞·ª£c h√†ng r·ªìi nha shop c·∫£m ∆°n s·∫£n ph·∫©m qu√° t·ªët ,5,04 thg 5 2022
"M·ªõi l·∫Øp xong n√≥i chung v·ª´a t√∫i ti·ªÅn cho 1 s·∫£n ph·∫©m, camera n√©t ",5,16 thg 1 2022
,5,08 thg 10 2021
san pham tot shop uy tin,5,09 thg 11 2021
Giao ƒë·∫ßy ƒë·ªß c·∫£ th·∫ª nh·ªõ. Ch·∫•t l∆∞·ª£ng Ok 5 sao,5,26 thg 1 2022
ok,5,27 thg 10 2021
ok t·ªët,5,01 thg 6 2023
oki,5,22 thg 3 2022
,5,3 ng√†y tr∆∞·ªõc
,5,23 thg 5 2024
,5,06 thg 12 2022
Cam hi·ªán t·∫°i ·ªïn l·∫Øm. Kh√°ch h√†i l√≤ng. Xem th·ªùi gian c√≥ l·ªói v·∫∑t ƒë√£. Giao h√†ng t·ªëc ƒë·ªô l√¢y lan covid-19,5,03 thg 12 2021
,5,24 thg 11 2022
,5,14 thg 3 2023
"camera r√µ n√©t , ch·ªß x·ªëp nhi·ªát t√¨nh h∆∞·ªõng d·∫´n , s·∫Ω gi·ªõi thi√™·ª• v√† ng∆∞·ªùi th√¢n mua c·ªßa s·ªëp n√†y.",5,19 thg 7 2022
,5,3 tu·∫ßn tr∆∞·ªõc
t·ªët,5,12 thg 11 2021
ok,5,19 thg 4 2022
√¥Ãân v√¢ÃÉn ƒëang s∆∞Ãâ duÃ£ng ch∆∞a bi√™ÃÅt ch√¢ÃÅt l∆∞∆°Ã£ng th√™ÃÅ naÃÄo hiÃÄnh aÃânh t√¥ÃÅt ,5,26 thg 1 2022
,5,20 thg 2 2022
"Camera Ok, h√†ng nguy√™n ƒëai nguy√™n ki·ªán, ƒë√≥ng g√≥i c·∫©n th·∫≠n.",5,09 thg 1 2023
,5,02 thg 8 2022
,5,22 thg 8 2023
Ok ,5,24 thg 6 2024
,5,14 thg 12 2023
"xin l∆∞u √Ω, b·∫°n ph·∫£i d√πng tay ƒë·∫©y ph·∫ßn ·ªëng k√≠nh camera l√™n tr√™n ƒë·ªÉ ti·∫øp c·∫≠n reset button. ",5,16 thg 9 2024
,5,10 thg 9 2022
h√†ng use ok,5,04 thg 5 2022
"s·∫£n ph·∫©m m√¨nh ƒëang d√πng 1 tu·∫ßn kh√° ·ªïn. h√¨nh ·∫£nh n√©t, truy c·∫≠p nhanh, c√†i ƒë·∫∑t ƒë∆°n gi·∫£n. ch∆∞a g·∫∑p l·ªói g√¨",5,25 thg 11 2021
"s·∫£n ph·∫©m t·ªët, giao h√†ng nhanh. ƒë·∫ßy ƒë·ªß ph·ª• ki·ªán, c√°c b·∫°n mua ·ªßng h·ªô shop nh√© r·∫ª h∆°n ch·ªó kh√°c v√†i ba ch·ª•c ng√†n",5,12 thg 12 2022
Lo·∫°i C6N n√†y h∆°i b·ªã tr·ªÖ v√† xem b·ªã gi·∫≠t ko m∆∞·ª£t nh∆∞ lo·∫°i C6CN. H∆°i th·∫•t v·ªçng ch√∫t,5,13 thg 3 2022
,5,01 thg 2 2023
ok,5,20 thg 1 2022
,5,01 thg 9 2024
,5,15 thg 7 2023
,5,06 thg 12 2022
giao h√†ng nhanh s·ª≠ d·ª•ng t·ªët,5,17 thg 3 2023
,5,06 thg 2 2023
h√†ng t·ªët.. giao nhanh.. x√†i ·ªïn...gi√° r·∫ª n√™n mua,5,18 thg 12 2022
,5,25 thg 9 2023
s·∫£n ph·∫©m ok. c·∫£m ∆°n shop,5,15 thg 12 2022
,5,07 thg 5 2024
Ok,5,30 thg 12 2022
,5,20 thg 11 2021
,5,17 thg 4 2022
,5,17 thg 11 2021
l√¢n thu hai mua hang ‚ù§Ô∏è hang ƒëo·∫π nh∆∞ hinhdeex su d·ª•ng nhanh g·ªçn l·∫π ti√™n l·ªùi r√¢t ƒëang ƒë√™ mua nha m·ªçi ng∆∞∆°i anh chi mang tinh ch√¢t nh·∫≠n xu,5,01 thg 6 2022
10 ƒëi·ªÉm ,5,30 thg 10 2023
,5,28 thg 11 2023
,5,14 thg 9 2021
"sp t·ªët, ƒë√°ng mua",5,23 thg 11 2022
t·ªët.gi√° r·∫ª.r·∫•t h√†i l√≤ng.ezvic th√¨ ƒë·ªô ph√¢n gi·∫£i 2 MP  th·∫•p.h√¨nh zoom h√¨nh l√™n m·ªù l·∫Øm.nh∆∞ng gi√° n√†y th√¨ v·∫≠y th√¥i.,5,27 thg 5 2023
D√πng t·ªët,5,19 thg 10 2021
S·∫£n ph·∫©m ƒë√∫ng nh∆∞ mi√™u t·∫£. Cho shop 5 sao,5,07 thg 1 2022
,5,14 thg 10 2021
tks shops ƒë√£ b√°n h√†ng t·ªët,5,10 thg 1 2023
,5,06 thg 8 2022
,5,30 thg 7 2022
H√†i l√≤ng v·ªõi s·∫£n ph·∫©m c·ªßa shop,5,15 thg 2 2023
,5,15 thg 7 2023
H√†ng ok,5,26 thg 4 2022
,5,08 thg 8 2023
"gi√° r·∫ª , ch·ª©c nƒÉng ƒë·∫ßy ƒë·ªß , t·∫∑ng shop 5*",5,24 thg 7 2022
"d·ªÖ s·ª≠ d·ª•ng ,h√¨nh ·∫£nh r√µ n√©t......................................................",5,17 thg 11 2022
,5,4 tu·∫ßn tr∆∞·ªõc
,5,29 thg 11 2021
,5,10 thg 1 2023
,5,19 thg 10 2021
,5,17 thg 7 2022
Good,5,04 thg 11 2021
"ok, t·ªët.....h√†i l√≤nggggggggggggggvggvvvgggggggggggggggggggggggggggg
h
ggggggggggg",5,18 thg 5 2022
s·∫£n ph·∫©m d√πng r·∫•t t·ªët,5,09 thg 7 2022
"Camera ch·∫Øn ch·∫Øn, ƒë·∫πp, c√†i ƒë·∫∑t nhanh, n√™n mua

Camera ch·∫Øn ch·∫Øn, ƒë·∫πp, c√†i ƒë·∫∑t nhanh, n√™n mua.",5,20 thg 9 2021
,5,18 thg 9 2023
,5,17 thg 2 2022
,5,21 thg 3 2022
,5,01 thg 2 2024
,5,19 thg 9 2021
,5,24 thg 10 2021
,5,28 thg 10 2022
,5,21 thg 10 2022
,5,24 thg 12 2023
,5,18 thg 1 2022
Ok laems ·∫° mua c√°i t7 r,5,21 thg 11 2022
nh∆∞ qcao,5,07 thg 1 2023
oki,5,25 thg 4 2022
ok. shakalalalakahwhsjsjwkwkwjwkwkwkwkkqkqkwkqkwkwkwkwkwkwkwkwkwkwkw,5,28 thg 4 2022
s·∫£n ph·∫©m d·ªÖ c√†i ƒë·∫∑t v√† s·ª≠ d·ª•ng,5,24 thg 3 2023
,5,19 thg 1 2022
,5,24 thg 2 2022
,5,07 thg 8 2024
"√¥k, s·∫£n ph·∫©m t·ªët",5,04 thg 9 2022
,5,08 thg 7 2023
,5,31 thg 1 2023
h√†ng giao nhanh ,5,30 thg 12 2022
h√†ng chu·∫©n r·∫•t t·ªët h√¨nh ·∫£nh ƒë·∫πp r√µ n√©t ƒë√†m tho·∫°i r√µ.cam ∆°n shop cho 5 sao,5,08 thg 7 2023
Camera b·ªã m·ªù ƒë∆∞·ª£c shop ƒë·ªïi l·∫°i cam m·ªõi. ,5,22 thg 5 2022
,5,07 thg 3 2022
k·∫øt n·ªëi Wifi kh√° y·∫øu,5,23 thg 3 2022
camera th√¨ ok nh∆∞ng sao theÃâ nh∆°ÃÅ  l·∫°i kh√¥ng  nh√¢n ,5,31 thg 5 2022
"d√πng c√πn ƒëc
ch·∫•t l∆∞·ª£ng th√¨ c√≤n ph·∫£i ch·ªù th·ªùi gian ki·ªÉm ch·ª©ng
............,...............",5,31 thg 7 2022
tam on ,5,19 thg 10 2023
,5,14 thg 9 2024
Cho 2 ng√†y x·ª≠ l√Ω m√† kh√¥ng gi·∫£i quy·∫øt ƒëc t·ªìn ƒë·ªçng. Qu√° k√©m t·ª´ ƒë·ªôi ng≈© ƒë·∫øn nh√¢n vi√™n,5,26 thg 4 2022
,5,4 ng√†y tr∆∞·ªõc
M√°y ko nh·∫≠n th·∫ª nh·ªõ...th·∫±ng kinh doanh n√≥i 1 ƒë·∫±ng...th·∫±ng k·ªπ thu·∫≠t ko c√≥ ƒë·ªÉ.nh·∫≠n s·ª≠a ch·ªØa....coi nh∆∞ xui mua c·ªßa.t·ª•i l√†m.ƒÉn gian d·ªëi,5,26 thg 4 2022
"Th·∫ª l·ªói k√™u bh c·ª© l√≤ng v√≤ng..l√†m ƒÉn nh∆∞ ship
S·∫Ω √Ω ki·∫øn l√™n lazada ti·∫øp..2.th·∫ª kh√¥ng bao nhi√™u ti·ªÅn l√†m ƒÉn ki·ªÉu kh√¥ng ch·∫•p nh·∫≠n ƒë∆∞·ª£c
Mua hai camera hai th·∫ª nh·ªõ..v·ªÅ b·ªã l·ªói h·∫øt..k√™u ƒë·ªïi c·ª© vi·ªán l√Ω do..ae mua n√™n c√¢n nh·∫Øc..s·∫Ω alo l√™n chƒÉm s√≥c kh√°ch h√†ng lazada ",5,06 thg 10 2021
Camara nh∆∞ c√°i ƒë·∫ßu bu·ªìi. Nh·ªØng c√°i ƒëo·∫°n m·∫•t ƒë·ªì v·ªõi t√© xe nh·ªØng ƒëo·∫°n gay c·∫•n th√¨ √©o l∆∞u l·∫°i. C√≤n to√†n l∆∞u nh·ªØng d·∫°ng sida k. L·ª° trong nh√† c√≥ m·∫•t g√¨ gi√° tr·ªã m√† check l·∫°i cam th√¨ mu·ªën ƒë·∫•m ch·∫øt cmn th·∫±ng b√°n cam,5,06 thg 5 2022
